Country or Area,Year,Value,Value Footnotes,Unit
Albania,2015,82,,%
Albania,2014,81,,%
Algeria,2015,98,,%
Algeria,2014,98,,%
Algeria,2013,98,,%
Algeria,2012,98,,%
Algeria,2011,96.5,,%
Algeria,2010,96,,%
Algeria,2009,96,,%
Algeria,2008,95,,%
Algeria,2007,95,,%
Algeria,2006,90,,%
Algeria,2005,90,,%
Algeria,2004,88,,%
Algeria,2003,86,,%
Algeria,2002,86,,%
Algeria,2001,84,,%
Algeria,2000,84,,%
Andorra,2015,100,,%
Andorra,2014,100,,%
Andorra,2013,100,,%
Andorra,2012,100,,%
Andorra,2011,100,,%
Andorra,2010,100,,%
Andorra,2009,100,,%
Andorra,2008,100,,%
Andorra,2007,100,,%
Andorra,2006,100,,%
Andorra,2005,100,,%
Andorra,2004,100,,%
Andorra,2003,100,,%
Andorra,2002,100,,%
Andorra,2001,100,,%
Andorra,2000,100,,%
Andorra,1999,100,,%
Andorra,1998,100,,%
Andorra,1997,100,,%
Andorra,1996,100,,%
Andorra,1995,100,,%
Andorra,1990,100,,%
Angola,2011,15.3000001907349,,%
Antigua and Barbuda,2011,82,,%
Armenia,2015,97.3000030517578,,%
Armenia,2014,98.3000030517578,,%
Armenia,2013,98.6999969482422,,%
Armenia,2012,96.5999984741211,,%
Armenia,2011,97.5,,%
Armenia,2010,97,,%
Armenia,2009,97.5999984741211,,%
Armenia,2008,97,,%
Armenia,2007,94.0999984741211,,%
Armenia,2006,91.3000030517578,,%
Armenia,2005,89.4000015258789,,%
Armenia,2004,88.9000015258789,,%
Armenia,2003,87.3000030517578,,%
Armenia,2002,84.0999984741211,,%
Armenia,2001,84.6999969482422,,%
Armenia,2000,87.5999984741211,,%
Armenia,1998,88.1999969482422,,%
Armenia,1996,88.0999984741211,,%
Austria,2008,95.0999984741211,,%
Austria,2002,89.5999984741211,,%
Austria,2001,89.1999969482422,,%
Austria,2000,88.9000015258789,,%
Azerbaijan,2015,48.4000015258789,,%
Azerbaijan,2014,46.2999992370605,,%
Azerbaijan,2013,45.7000007629395,,%
Azerbaijan,2012,45.2000007629395,,%
Azerbaijan,2011,45,,%
Azerbaijan,2010,44.7999992370605,,%
Azerbaijan,2009,44.5999984741211,,%
Azerbaijan,2008,42.4000015258789,,%
Azerbaijan,2007,42.2000007629395,,%
Azerbaijan,2006,42,,%
Azerbaijan,2005,41.5999984741211,,%
Bahrain,2015,99.3000030517578,,%
Bahrain,2014,99.9000015258789,,%
Bahrain,2013,99.5999984741211,,%
Bahrain,2012,99.5999984741211,,%
Bahrain,2011,99,,%
Bahrain,2010,99.4000015258789,,%
Bahrain,2009,99.1999969482422,,%
Bahrain,2008,99.6999969482422,,%
Bahrain,2007,99,,%
Bahrain,2006,99,,%
Bahrain,2005,99,,%
Bahrain,2004,99,,%
Belgium,2009,100,,%
Belgium,2008,100,,%
Belgium,2007,100,,%
Belgium,2006,98.5,,%
Belgium,2005,94.5999984741211,,%
Belgium,2004,97.5,,%
Belgium,2003,96.9000015258789,,%
Belgium,2002,97,,%
Belgium,2001,96.6999969482422,,%
Belgium,2000,95.1999969482422,,%
Belize,2012,57.5504989624023,,%
Belize,2011,57.4020004272461,,%
Belize,2010,57.3250999450684,,%
Belize,2009,56.8400001525879,,%
Belize,2008,56.9070014953613,,%
Belize,2007,57.0026016235352,,%
Belize,2006,57.1236991882324,,%
Belize,2005,57.2673988342285,,%
Belize,2004,57.4311981201172,,%
Belize,2003,57.6130981445313,,%
Belize,2002,57.8111000061035,,%
Belize,2001,58.0234985351563,,%
Belize,2000,57.3855094909668,,%
Belize,1999,57.2985534667969,,%
Bolivia (Plurinational State of),2015,84.7202301025391,1,%
Bolivia (Plurinational State of),2014,83.8556747436523,1,%
Bolivia (Plurinational State of),2013,82.2995986938477,1,%
Bolivia (Plurinational State of),2012,80.7538452148438,2,%
Bolivia (Plurinational State of),2011,69.1439514160156,3,%
Bolivia (Plurinational State of),2009,65.2014617919922,3,%
Bolivia (Plurinational State of),2008,74.7856826782227,3,%
Bolivia (Plurinational State of),2007,79.706901550293,3,%
Bolivia (Plurinational State of),2006,77.4311752319336,3,%
Bolivia (Plurinational State of),2005,75.7699966430664,3,%
Bolivia (Plurinational State of),2003,73.0713729858398,"3,2",%
Bolivia (Plurinational State of),2002,71.4000015258789,3,%
Bolivia (Plurinational State of),2001,73.2549209594727,3,%
Bolivia (Plurinational State of),2000,76.1562881469727,3,%
Bolivia (Plurinational State of),1999,71.2951126098633,3,%
Bolivia (Plurinational State of),1998,76.4308929443359,3,%
Bolivia (Plurinational State of),1997,72.3628921508789,3,%
Bolivia (Plurinational State of),1996,71.3878326416016,3,%
Bosnia and Herzegovina,2015,59.3547019958496,,%
Bosnia and Herzegovina,2014,59.18701171875,,%
Bosnia and Herzegovina,2013,57.1699523925781,,%
Bosnia and Herzegovina,2012,55.1725234985352,,%
Bosnia and Herzegovina,2011,53.1792602539063,,%
Bosnia and Herzegovina,2010,51.2034645080566,,%
Bosnia and Herzegovina,2009,49.2691802978516,,%
Bosnia and Herzegovina,2008,46.5400505065918,,%
Bosnia and Herzegovina,2007,45.6763610839844,,%
Bosnia and Herzegovina,2006,44.86376953125,,%
Bosnia and Herzegovina,2005,44.7475891113281,,%
Bosnia and Herzegovina,2004,43.5198135375977,,%
Bosnia and Herzegovina,2003,43.75,,%
Bosnia and Herzegovina,2002,41.9270820617676,,%
Bosnia and Herzegovina,2001,38.28125,,%
Bosnia and Herzegovina,2000,36.4583320617676,,%
Bosnia and Herzegovina,1990,56,,%
Botswana,2006,96,,%
Botswana,2004,95.8000030517578,,%
Botswana,2001,87,,%
Brazil,2013,79.5999984741211,4,%
Brazil,2012,79.9000015258789,5,%
Brazil,2011,66.9000015258789,,%
Brazil,2010,65.0999984741211,,%
Brazil,2009,66.0999984741211,,%
Brazil,2008,65.0999984741211,,%
Brazil,2007,64.9000015258789,,%
Brazil,2006,64.3000030517578,,%
Brazil,2005,66.5,,%
Brazil,2004,66,,%
Brazil,2003,66.0999984741211,,%
Brazil,2002,65.3099975585938,,%
Brazil,2001,64.6999969482422,,%
British Virgin Islands,2001,48.4000015258789,,%
British Virgin Islands,1991,26.5,,%
Bulgaria,2015,99.3300018310547,6,%
Bulgaria,2014,99.3099975585938,6,%
Bulgaria,2013,99.2799987792969,6,%
Bulgaria,2012,99.2600021362305,6,%
Bulgaria,2011,99.1900024414063,6,%
Bulgaria,2010,98.9599990844727,6,%
Bulgaria,2009,99,,%
Bulgaria,2008,99,,%
Bulgaria,2007,99,,%
Bulgaria,2006,98.9000015258789,,%
Bulgaria,2005,98.9000015258789,,%
Bulgaria,2004,98.9000015258789,,%
Bulgaria,2003,98.9000015258789,,%
Bulgaria,2002,98.9000015258789,,%
Bulgaria,2001,98.9000015258789,,%
Bulgaria,2000,98.5999984741211,,%
Bulgaria,1995,98.6999969482422,,%
Bulgaria,1990,98.6999969482422,,%
Cabo Verde,2015,83.4000015258789,7,%
Cabo Verde,2014,83.6999969482422,7,%
Cabo Verde,2013,84.4000015258789,7,%
Cabo Verde,2012,85.4000015258789,7,%
Cabo Verde,2010,83.5999984741211,7,%
Cabo Verde,2007,85.3000030517578,7,%
Cabo Verde,2000,78.0999984741211,7,%
Cabo Verde,1990,65.1999969482422,7,%
Cameroon,2007,43.9000015258789,,%
Central African Republic,2009,30,,%
"China, Hong Kong Special Administrative Region",2015,99.9899978637695,,%
"China, Hong Kong Special Administrative Region",2014,99.9000015258789,,%
"China, Hong Kong Special Administrative Region",2013,99.9000015258789,,%
"China, Hong Kong Special Administrative Region",2012,99.9000015258789,,%
"China, Hong Kong Special Administrative Region",2011,99.9000015258789,,%
"China, Hong Kong Special Administrative Region",2010,99.9000015258789,,%
"China, Hong Kong Special Administrative Region",2009,99.9000015258789,,%
"China, Hong Kong Special Administrative Region",2008,99.9000015258789,,%
"China, Hong Kong Special Administrative Region",2007,99.9000015258789,,%
"China, Hong Kong Special Administrative Region",2006,99.9000015258789,,%
"China, Hong Kong Special Administrative Region",2005,99.9000015258789,,%
"China, Hong Kong Special Administrative Region",2004,99.9000015258789,,%
"China, Hong Kong Special Administrative Region",2003,99.9000015258789,,%
"China, Hong Kong Special Administrative Region",2002,99.9000015258789,,%
"China, Hong Kong Special Administrative Region",2001,99.9000015258789,,%
"China, Hong Kong Special Administrative Region",2000,99.9000015258789,,%
"China, Hong Kong Special Administrative Region",1999,99.9000015258789,,%
"China, Hong Kong Special Administrative Region",1995,99.9000015258789,,%
"China, Hong Kong Special Administrative Region",1990,99.9000015258789,,%
"China, Macao Special Administrative Region",2015,100,,%
"China, Macao Special Administrative Region",2014,100,,%
"China, Macao Special Administrative Region",2013,100,,%
"China, Macao Special Administrative Region",2012,100,,%
"China, Macao Special Administrative Region",2011,100,,%
"China, Macao Special Administrative Region",1996,99.5999984741211,,%
"China, Macao Special Administrative Region",1995,99.5999984741211,,%
Costa Rica,2015,94.9122314453125,,%
Costa Rica,2014,95.0725860595703,,%
Costa Rica,2013,94.6040191650391,,%
Costa Rica,2012,92.6900024414063,,%
Costa Rica,2011,91.8499984741211,,%
Costa Rica,2010,90.7300033569336,,%
Costa Rica,2009,95.1999969482422,,%
Costa Rica,2008,94.6900024414063,8,%
Croatia,2011,85.5,,%
Cuba,2015,95.5,,%
Cuba,2014,95.1999969482422,,%
Cuba,2013,93.5999984741211,,%
Cuba,2012,93.4000015258789,,%
Cuba,2011,92.4000015258789,,%
Cuba,2010,92.6999969482422,,%
Cuba,2009,94.5,,%
Cuba,2008,92.4000015258789,,%
Cuba,2007,92.3600006103516,,%
Cuba,2006,92.0999984741211,,%
Cuba,2005,91.6041870117188,,%
Cuba,2004,91.5999984741211,,%
Cyprus,2015,100,,%
Cyprus,2014,100,,%
Cyprus,2013,100,,%
Cyprus,2012,100,,%
Cyprus,2011,100,,%
Cyprus,2010,100,,%
Cyprus,2009,100,,%
Cyprus,2008,100,,%
Cyprus,2007,100,,%
Cyprus,2006,100,,%
Cyprus,2005,100,,%
Cyprus,2004,100,,%
Cyprus,2003,100,,%
Cyprus,2002,100,,%
Cyprus,2001,100,,%
Cyprus,2000,100,,%
Cyprus,1995,100,,%
Cyprus,1990,100,,%
Czechia,2015,94.1999969482422,,%
Czechia,2014,94.1999969482422,,%
Czechia,2013,93.6999969482422,,%
Czechia,2012,93.5999984741211,,%
Czechia,2011,93.5,,%
Czechia,2010,92.8000030517578,,%
Czechia,2009,92.8000030517578,,%
Czechia,2008,92.3000030517578,,%
Czechia,2007,92.3000030517578,,%
Czechia,2006,92.4000015258789,,%
Czechia,2005,91.5999984741211,,%
Czechia,2004,91.5999984741211,,%
Czechia,2003,89.8000030517578,,%
Czechia,2002,89.8000030517578,,%
Czechia,2001,87.3000030517578,,%
Czechia,2000,87.0999984741211,,%
Denmark,2002,97,,%
Denmark,2001,95,,%
Ecuador,2012,74.5299987792969,,%
Ecuador,2011,72.6699981689453,,%
Ecuador,2010,71.8199996948242,,%
Ecuador,2009,69.379997253418,,%
Ecuador,2008,71.75,,%
Ecuador,2007,71.6500015258789,,%
Ecuador,2006,68.9599990844727,,%
Ecuador,2005,69.25,,%
Egypt,2015,98,,%
Egypt,2009,98,,%
Estonia,2013,82.1999969482422,,%
Estonia,2012,81.6999969482422,,%
Estonia,2011,81.6999969482422,,%
Estonia,2010,81.5999984741211,,%
Estonia,2009,80,,%
Estonia,2008,80,,%
Estonia,2007,74,,%
Estonia,2006,72,,%
Estonia,2005,72,,%
Estonia,2004,72,,%
Estonia,2003,72,,%
Estonia,2002,72,,%
Estonia,2001,71,,%
Estonia,2000,70,,%
Finland,2012,92,,%
Finland,2011,91,,%
France,2013,99,,%
France,2012,99,,%
France,2011,99,,%
France,2010,99,,%
France,2008,99,,%
France,2001,99.4000015258789,,%
French Guiana,2012,68,,%
Gambia,2005,50,,%
Gambia,2004,50,,%
Gambia,2003,50,,%
Gambia,2002,30,,%
Gambia,2001,30,,%
Gambia,2000,30,,%
Gambia,1995,27,,%
Gambia,1990,27,,%
Georgia,2012,75,,%
Georgia,2011,74.9000015258789,,%
Georgia,2010,74.3000030517578,,%
Georgia,2009,72.3000030517578,,%
Georgia,2008,70.4000015258789,,%
Georgia,2000,80,,%
Germany,2013,99.3320007324219,,%
Germany,2012,99.3199996948242,6,%
Germany,2011,99.3089981079102,6,%
Germany,2010,99.2979965209961,,%
Germany,2007,99.1999969482422,,%
Germany,2004,99.1999969482422,,%
Germany,2001,99.0999984741211,,%
Greece,2007,94,,%
Greece,2006,92,,%
Greece,2005,91,,%
Greece,2004,90,,%
Greece,2003,89,,%
Greece,2002,88,,%
Greece,2001,87,,%
Greece,2000,85,,%
Guadeloupe,2012,76,,%
Guatemala,2011,74.9000015258789,,%
Guatemala,2002,74.5999984741211,,%
Guatemala,1995,68.4000015258789,,%
Hungary,2013,100,6,%
Hungary,2012,100,6,%
Hungary,2011,100,6,%
Hungary,2010,100,6,%
Hungary,2009,100,6,%
Hungary,2008,100,6,%
Hungary,2007,100,6,%
Hungary,2006,99.9000015258789,6,%
Hungary,2005,99.9000015258789,6,%
Hungary,2004,99.9000015258789,,%
Hungary,2003,99.9000015258789,,%
Hungary,2002,99.9000015258789,,%
Hungary,2001,99.9000015258789,,%
Hungary,2000,99.9000015258789,,%
Hungary,1995,90,,%
Iceland,2014,95,,%
Iceland,2013,95,,%
Iceland,2012,95,,%
Iceland,2011,95,,%
Iceland,2010,95,,%
Iceland,2005,95,,%
Iceland,2004,95,,%
Iceland,2003,95,,%
Iceland,2002,95,,%
Iceland,2001,95,,%
Iceland,2000,95,,%
Iraq,2015,86.8000030517578,,%
Iraq,2014,88,,%
Iraq,2013,87,,%
Iraq,2012,85,,%
Iraq,2011,84,,%
Iraq,2010,78.6999969482422,,%
Iraq,2005,73.6999969482422,,%
Ireland,2007,85,,%
Ireland,2005,83,,%
Ireland,2002,90,,%
Jamaica,2005,70,,%
Jordan,2014,96.6999969482422,,%
Jordan,2013,96.6999969482422,,%
Jordan,2010,97.6999969482422,,%
Kazakhstan,2015,90.9000015258789,,%
Kazakhstan,2014,90.4000015258789,,%
Kazakhstan,2013,89.5999984741211,,%
Kazakhstan,2012,87.6999969482422,,%
Kazakhstan,2011,87.6999969482422,,%
Kazakhstan,2010,82.5,,%
Kazakhstan,2009,82,,%
Kazakhstan,2008,81.8000030517578,,%
Kazakhstan,2007,79.3000030517578,,%
Kazakhstan,2006,78.6999969482422,,%
Kazakhstan,2005,77.4000015258789,,%
Kazakhstan,2004,76.4000015258789,,%
Kenya,2007,31,,%
Kenya,2006,31,,%
Kenya,2005,31,,%
Kenya,2004,31,,%
Kenya,2003,31,,%
Kenya,2002,31,,%
Kenya,2001,31,,%
Kenya,2000,31,,%
Kenya,1999,31,,%
Kenya,1998,31,,%
Kenya,1997,31,,%
Kenya,1996,31,,%
Kenya,1995,31,,%
Kenya,1990,31,,%
Kuwait,2013,100,,%
Kuwait,2012,100,,%
Kuwait,2011,100,,%
Kuwait,2010,100,,%
Kuwait,2009,100,,%
Kuwait,2008,100,,%
Kuwait,2007,100,,%
Kuwait,2006,100,,%
Kuwait,2005,100,,%
Kuwait,2004,100,,%
Kuwait,2003,100,,%
Kuwait,2002,100,,%
Kuwait,2001,100,,%
Kuwait,2000,100,,%
Kuwait,1995,100,,%
Kuwait,1990,100,,%
Lebanon,2005,75.5999984741211,,%
Lithuania,2015,80.2399978637695,,%
Lithuania,2014,79.4000015258789,,%
Lithuania,2013,77.5999984741211,,%
Lithuania,2012,76,,%
Lithuania,2011,75,,%
Lithuania,2010,74.5,,%
Lithuania,2004,76,,%
Lithuania,2003,76,,%
Lithuania,2002,76,,%
Luxembourg,2015,99.9000015258789,,%
Luxembourg,2013,99.9000015258789,,%
Luxembourg,2011,99.9000015258789,,%
Luxembourg,2010,99.9000015258789,,%
Luxembourg,2009,99.9000015258789,,%
Luxembourg,2008,99.9000015258789,,%
Luxembourg,2007,99.9000015258789,,%
Luxembourg,2006,99.9000015258789,,%
Luxembourg,2005,99.9000015258789,,%
Luxembourg,2004,99.9000015258789,,%
Luxembourg,2003,99.9000015258789,,%
Luxembourg,2002,99.9000015258789,,%
Luxembourg,2001,99.9000015258789,,%
Luxembourg,2000,99.9000015258789,,%
Malaysia,2015,95.5,,%
Malaysia,2014,95.3000030517578,,%
Malaysia,2013,95.0999984741211,,%
Malaysia,2012,94.6999969482422,,%
Malaysia,2011,94.4000015258789,,%
Malaysia,2010,94.1999969482422,,%
Malaysia,2009,92.906379699707,,%
Malaysia,2008,91.8499984741211,,%
Malaysia,2007,90.5338973999023,,%
Mali,2009,73.0999984741211,,%
Mali,2008,71.6999969482422,,%
Mali,2007,63.4000015258789,,%
Mali,2006,67.4000015258789,,%
Mali,2005,66.0999984741211,,%
Mali,2004,63.7999992370605,,%
Mali,2003,60.0999984741211,,%
Malta,2015,100,,%
Malta,2014,100,,%
Malta,2013,100,,%
Malta,2012,100,,%
Malta,2011,100,,%
Malta,2010,100,,%
Malta,2009,100,,%
Malta,2008,100,,%
Malta,2007,100,,%
Malta,2006,100,,%
Malta,2005,100,,%
Malta,2004,100,,%
Malta,2003,100,,%
Malta,2002,100,,%
Malta,2001,100,,%
Malta,2000,100,,%
Malta,1995,100,,%
Malta,1990,100,,%
Martinique,2012,100,9,%
Mauritius,2015,99.6999969482422,,%
Mauritius,2014,99.6999969482422,,%
Mauritius,2013,99.6999969482422,,%
Mauritius,2012,99.6999969482422,,%
Mauritius,2011,99.6999969482422,,%
Mauritius,2010,99.5,,%
Mauritius,2009,99.5,,%
Mauritius,2008,99.5,,%
Mauritius,2007,99.5,,%
Mauritius,2006,99,,%
Mauritius,2005,99,,%
Mauritius,2004,99,,%
Mauritius,2003,99,,%
Mauritius,2002,99,,%
Mauritius,2001,99,,%
Mauritius,2000,98.6999969482422,,%
Mauritius,1990,95.1999969482422,,%
Monaco,2015,100,,%
Monaco,2014,100,,%
Monaco,2013,100,,%
Monaco,2012,100,,%
Monaco,2011,100,,%
Monaco,2010,100,,%
Monaco,2009,100,,%
Monaco,2008,100,,%
Monaco,2007,100,,%
Monaco,2006,100,,%
Monaco,2005,100,,%
Monaco,2004,100,,%
Monaco,2003,100,,%
Monaco,2002,100,,%
Monaco,2001,100,,%
Monaco,2000,100,,%
Monaco,1999,100,,%
Monaco,1998,100,,%
Monaco,1997,100,,%
Monaco,1996,100,,%
Monaco,1995,100,,%
Monaco,1990,100,,%
Morocco,2014,83,10,%
Morocco,2013,81.5,10,%
Morocco,2012,80.1999969482422,10,%
Morocco,2011,79.5,10,%
Morocco,2010,77.5,10,%
Morocco,2009,76.5,10,%
Morocco,2008,76.3000030517578,10,%
Morocco,2007,73.4000015258789,10,%
Morocco,2006,71.9000015258789,10,%
Morocco,2005,70.9000015258789,10,%
Morocco,2004,57.9000015258789,10,%
Morocco,2003,67.3000030517578,,%
Morocco,2001,65.1999969482422,,%
Morocco,2000,62.7000007629395,,%
Netherlands,2014,100,,%
Netherlands,2013,100,,%
Netherlands,2012,100,,%
Netherlands,2011,100,,%
Netherlands,2010,100,,%
Netherlands,2009,100,,%
Netherlands,2008,100,,%
Netherlands,2007,100,,%
Netherlands,2006,100,,%
Netherlands,2005,100,,%
Netherlands,2004,100,,%
Netherlands,2003,100,,%
Netherlands,2002,100,,%
Netherlands,2001,100,,%
Netherlands,2000,100,,%
New Caledonia,2014,95,,%
New Caledonia,2009,90.6999969482422,,%
Nigeria,2010,56,,%
Norway,2015,89,11,%
Norway,2014,89,11,%
Norway,2013,89,,%
Norway,2012,89,,%
Norway,2011,89,,%
Norway,2010,88,,%
Norway,2009,89,,%
Norway,2008,90,,%
Norway,2007,90,,%
Norway,2006,90,,%
Norway,2005,90,,%
Norway,2004,89,,%
Norway,2003,89,,%
Norway,2002,89,,%
Norway,2001,88.5999984741211,,%
Norway,2000,89.1999969482422,,%
Panama,2015,77.5,12,%
Panama,2014,75.1999969482422,12,%
Panama,2013,73.5999984741211,12,%
Panama,2012,71.9000015258789,12,%
Panama,2011,70,12,%
Panama,2010,67.1999969482422,12,%
Panama,2009,91,12,%
Panama,2008,89,12,%
Panama,2007,88.4000015258789,12,%
Panama,2006,84,12,%
Panama,2005,83,12,%
Panama,2004,82,12,%
Panama,2003,75,12,%
Panama,2002,74,12,%
Panama,2001,71,12,%
Panama,2000,70,12,%
Paraguay,2015,81.9000015258789,,%
Paraguay,2014,81.0999984741211,,%
Paraguay,2013,79.1999969482422,,%
Paraguay,2012,76.9000015258789,,%
Paraguay,2011,74.8000030517578,,%
Paraguay,2010,75.1999969482422,,%
Paraguay,2009,73.5999984741211,,%
Paraguay,2008,68.9000015258789,,%
Paraguay,2007,69.0999984741211,,%
Paraguay,2006,65.5,,%
Paraguay,2005,60.5999984741211,,%
Paraguay,2004,57.9000015258789,,%
Paraguay,2003,58.7999992370605,,%
Paraguay,2002,53.2999992370605,,%
Paraguay,2001,52.5,,%
Peru,2015,85.8000030517578,,%
Peru,2014,85.6999969482422,,%
Peru,2013,83.0999984741211,,%
Peru,2012,82.3000030517578,,%
Peru,2011,76.8000030517578,,%
Peru,2010,76.1999969482422,,%
Peru,2009,74.0999984741211,,%
Peru,2008,72.4000015258789,,%
Peru,2007,72,,%
Peru,2006,71.5999984741211,,%
Peru,2005,70.0999984741211,,%
Peru,2004,70.4692840576172,,%
Peru,2003,66.098762512207,,%
Philippines,2004,80.1999969482422,,%
Philippines,2002,80,,%
Philippines,2000,79,,%
Philippines,1999,81.4000015258789,,%
Philippines,1998,78.0999984741211,,%
Philippines,1990,73,,%
Poland,2015,91.8000030517578,,%
Poland,2014,91.5999984741211,,%
Poland,2013,88,,%
Poland,2012,87.9000015258789,,%
Poland,2011,87.5999984741211,,%
Poland,2010,87.5,,%
Poland,2009,87.1999969482422,,%
Poland,2008,87,,%
Poland,2007,86.5999984741211,,%
Poland,2006,86.3000030517578,,%
Poland,2005,86.0999984741211,,%
Poland,2004,85.8000030517578,,%
Poland,2003,85.4000015258789,,%
Poland,2002,84.8000030517578,,%
Poland,2001,84.5,,%
Poland,2000,82.8000030517578,,%
Poland,1995,76.5,,%
Poland,1990,72,,%
Portugal,2009,96.9000015258789,,%
Portugal,2008,94,,%
Portugal,2007,92.0999984741211,,%
Portugal,2006,91.3000030517578,,%
Portugal,2005,91.5,,%
Republic of Moldova,2015,51.2000007629395,,%
Republic of Moldova,2014,45.9000015258789,,%
Republic of Moldova,2013,44.4000015258789,,%
Republic of Moldova,2012,42.0999984741211,,%
Romania,2015,63.7000007629395,,%
Romania,2014,62.5,,%
Romania,2013,61.4000015258789,,%
Romania,2012,60.2999992370605,,%
Romania,2011,56.5,,%
Romania,2010,55.7000007629395,,%
Romania,2009,54.9000015258789,,%
Romania,2008,53.0999984741211,,%
Romania,2007,49.2000007629395,,%
Romania,2002,54.2000007629395,,%
Rwanda,2010,74.1999969482422,,%
Rwanda,2005,70.3000030517578,,%
Samoa,2014,96,,%
Samoa,2013,95,,%
Samoa,2012,95,,%
Saudi Arabia,2013,98,,%
Saudi Arabia,2012,98,,%
Saudi Arabia,2011,97,,%
Saudi Arabia,2010,96,,%
Saudi Arabia,2009,96,,%
Saudi Arabia,2008,96,,%
Saudi Arabia,2007,96,,%
Saudi Arabia,2006,96,,%
Saudi Arabia,2005,96,,%
Saudi Arabia,2004,96,,%
Saudi Arabia,2003,96,,%
Saudi Arabia,2002,80,,%
Saudi Arabia,2001,80,,%
Saudi Arabia,2000,80,,%
Serbia,2015,82.879997253418,,%
Serbia,2014,83.6809997558594,,%
Serbia,2013,81.9440002441406,,%
Serbia,2012,80.1470031738281,,%
Serbia,2011,78.245002746582,,%
Serbia,2010,77.6630020141602,,%
Serbia,2009,77.838996887207,,%
Serbia,2008,77.2740020751953,,%
Serbia,2007,73.3690032958984,,%
Serbia,2006,72.4199981689453,13,%
Serbia,2005,71.1399993896484,13,%
Serbia,2004,69.870002746582,13,%
Serbia,2003,68.8300018310547,13,%
Serbia,2002,67.4100036621094,13,%
Serbia,2001,66.2200012207031,13,%
Serbia,2000,65.0400009155273,13,%
Singapore,2015,100,14,%
Singapore,2014,100,14,%
Singapore,2013,100,14,%
Singapore,2012,100,14,%
Singapore,2011,100,14,%
Singapore,2010,100,14,%
Singapore,2009,100,14,%
Singapore,2008,100,14,%
Singapore,2007,100,14,%
Singapore,2006,100,14,%
Singapore,2005,100,14,%
Singapore,2004,100,14,%
Singapore,2003,100,14,%
Singapore,2002,100,14,%
Singapore,2001,100,14,%
Singapore,2000,100,14,%
Singapore,1999,100,14,%
Singapore,1998,100,14,%
Singapore,1997,100,14,%
Singapore,1996,100,14,%
Singapore,1995,100,14,%
Singapore,1990,100,14,%
Slovakia,2015,88.3000030517578,,%
Slovakia,2014,87.6999969482422,,%
Slovakia,2013,87.4000015258789,,%
Slovakia,2012,87,,%
Slovakia,2011,86.9000015258789,,%
Slovakia,2010,86.5999984741211,,%
Slovakia,2009,86.3000030517578,,%
Slovakia,2008,86.3000030517578,,%
Slovakia,2007,86.5999984741211,,%
Slovakia,2006,86.3000030517578,,%
Slovakia,2005,85.4000015258789,,%
Slovakia,2004,84.6999969482422,,%
Slovakia,2003,84.1999969482422,,%
Slovakia,2002,83.9000015258789,,%
South Africa,2012,93.8000030517578,,%
South Africa,2011,93.5,,%
South Africa,2010,92.6999969482422,,%
South Africa,2009,90.5999984741211,,%
South Africa,2008,88.4000015258789,,%
South Africa,2007,85.8000030517578,,%
South Africa,2006,83.0999984741211,,%
South Africa,2005,81.0999984741211,,%
South Africa,2004,77.9000015258789,,%
South Africa,2003,73.9000015258789,,%
South Africa,2002,72,,%
South Africa,2001,70.8000030517578,,%
South Africa,2000,68,,%
Spain,2015,100,,%
Spain,2014,100,,%
Spain,2013,100,,%
Spain,2012,100,,%
Spain,2011,100,,%
Spain,2010,100,,%
Spain,2008,100,,%
Spain,2007,100,,%
Spain,2006,100,,%
Spain,2005,100,,%
Spain,2004,100,,%
Spain,2003,100,,%
Spain,2002,100,,%
Spain,2001,100,,%
Spain,2000,100,,%
State of Palestine,2015,94.9000015258789,,%
State of Palestine,2013,97.5,15,%
State of Palestine,2012,96.5999984741211,15,%
State of Palestine,2011,93.8000030517578,15,%
State of Palestine,2009,94.0999984741211,15,%
State of Palestine,2008,94.0999984741211,15,%
State of Palestine,2005,95.9000015258789,15,%
State of Palestine,2004,97.9000015258789,15,%
State of Palestine,2003,91.9000015258789,,%
State of Palestine,2002,93.8000030517578,,%
State of Palestine,1999,84.8000030517578,,%
Sudan,2011,60.5,,%
Sudan,2010,60,,%
Sudan,2009,59,,%
Sudan,2008,54,,%
Sudan,2006,58.7000007629395,,%
Sudan,2002,59.7999992370605,,%
Suriname,2012,67.8499984741211,16,%
Suriname,2004,66.7399978637695,16,%
Sweden,2010,86,,%
Sweden,2007,85.3000030517578,,%
Sweden,2006,85.3000030517578,,%
Sweden,2005,85.3000030517578,,%
Sweden,2000,84.9000015258789,,%
Switzerland,2012,99.1999969482422,,%
The former Yugoslav Republic of Macedonia,2008,95,,%
The former Yugoslav Republic of Macedonia,2007,95,,%
The former Yugoslav Republic of Macedonia,2006,95,,%
The former Yugoslav Republic of Macedonia,2005,94,,%
The former Yugoslav Republic of Macedonia,2004,94,,%
The former Yugoslav Republic of Macedonia,2003,94,,%
The former Yugoslav Republic of Macedonia,2002,93,,%
The former Yugoslav Republic of Macedonia,2001,93,,%
The former Yugoslav Republic of Macedonia,2000,93,,%
The former Yugoslav Republic of Macedonia,1999,93,,%
The former Yugoslav Republic of Macedonia,1995,90,,%
The former Yugoslav Republic of Macedonia,1990,90,,%
Trinidad and Tobago,2016,96.9000015258789,17,%
Trinidad and Tobago,2002,76.4000015258789,,%
Trinidad and Tobago,2001,75.4000015258789,,%
Trinidad and Tobago,2000,74.1999969482422,,%
Trinidad and Tobago,1999,73,,%
Tunisia,2015,97.5999984741211,,%
Tunisia,2014,97.5,,%
Tunisia,2013,97.5,,%
Tunisia,2012,97.3000030517578,,%
Tunisia,2011,97.9000015258789,,%
Tunisia,2010,97.8000030517578,,%
Tunisia,2009,97.5999984741211,,%
Tunisia,2008,97.4000015258789,,%
Tunisia,2007,97.3000030517578,,%
Tunisia,2006,96.6999969482422,,%
Tunisia,2005,96.0999984741211,,%
Tunisia,2004,95.5999984741211,,%
Tunisia,2003,95,,%
Tunisia,2002,94.4000015258789,,%
Tunisia,2001,93.5999984741211,,%
Tunisia,2000,92.6999969482422,,%
Tunisia,1999,91.6999969482422,,%
Tunisia,1998,90.8000030517578,,%
Tunisia,1997,90,,%
Tunisia,1996,88.6999969482422,,%
Tunisia,1995,87.1999969482422,,%
Tunisia,1990,75.4000015258789,,%
Turkey,2014,97.4000015258789,,%
Turkey,2012,98.3000030517578,,%
Turkey,2010,98.3000030517578,,%
Turkey,2009,98.3000030517578,6,%
Turkey,2008,98.5999984741211,,%
Turkey,2007,81.5,6,%
Turkey,2006,81.6999969482422,,%
Turkey,2005,79.5999984741211,6,%
Turkey,2004,78.5,,%
Turkey,2003,76.5999984741211,,%
Turkey,2002,76.0999984741211,,%
Turkey,2001,74.8000030517578,,%
Turkey,2000,73.9000015258789,,%
Turkey,1995,69.9000015258789,,%
United Republic of Tanzania,2013,55.5999984741211,,%
United Republic of Tanzania,2008,55.4000015258789,,%
United Republic of Tanzania,2004,54.9000015258789,,%
United Republic of Tanzania,1990,54,,%
Uzbekistan,2015,81.4000015258789,18,%
Uzbekistan,2014,82.3000030517578,18,%
Uzbekistan,2013,82.5999984741211,18,%
Uzbekistan,2012,82.6999969482422,18,%
Uzbekistan,2011,82.6999969482422,18,%
Uzbekistan,2010,82.5,18,%
Uzbekistan,2009,82.5,18,%
Uzbekistan,2008,81.8000030517578,18,%
Uzbekistan,2007,82.1999969482422,18,%
Uzbekistan,2006,82.9000015258789,18,%
Uzbekistan,2005,82.5999984741211,18,%
Uzbekistan,2004,82.1999969482422,18,%
Venezuela (Bolivarian Republic of),2009,95,,%
Venezuela (Bolivarian Republic of),2008,94,,%
Venezuela (Bolivarian Republic of),2007,91.5999984741211,,%
Venezuela (Bolivarian Republic of),2006,90.9000015258789,,%
Venezuela (Bolivarian Republic of),2005,90,,%
Venezuela (Bolivarian Republic of),2004,89.3000030517578,,%
Venezuela (Bolivarian Republic of),2003,87,,%
Venezuela (Bolivarian Republic of),2002,85.8000030517578,,%
Venezuela (Bolivarian Republic of),2001,84.8000030517578,,%
Venezuela (Bolivarian Republic of),2000,83.6999969482422,,%
Viet Nam,2012,31.9699993133545,19,%
Viet Nam,2010,29.3500003814697,19,%
Viet Nam,2008,26.8199996948242,19,%
Viet Nam,2006,23.9699993133545,19,%
Viet Nam,2004,19.6200008392334,19,%
Viet Nam,2002,17.6200008392334,19,%
Yemen,2013,18.6000003814697,20,%
Yemen,2012,18.5,20,%
Yemen,2011,18.6000003814697,20,%
Yemen,2010,18.6000003814697,20,%
Yemen,2009,18.2000007629395,20,%
Yemen,2008,18.2000007629395,20,%
Yemen,2007,18,20,%
Yemen,2006,17,20,%
Yemen,2005,16.8999996185303,20,%
Yemen,2004,16.7000007629395,20,%
Yemen,2003,15.8999996185303,20,%
Yemen,2002,14.8000001907349,20,%
Yemen,2001,14.3999996185303,20,%
Yemen,2000,14.3000001907349,20,%
Yemen,1999,14,20,%
,,,,
fnSeqID,Footnote,,,
1,"The information corresponds to the National Census of Population and Housing 2012,  more specifically to the percentage of the population served with respect to the projected total population.",,,
2,"The information corresponds to the National Census of Population and Housing 2012, more precisely to the percentage of the population served with respect to the total population.",,,
3,"The information comes from the Household Survey, and corresponds to households supplied by a source of water through pipeline network, public pool and distribution car.",,,
4,"Estimated according to National Information System on Sewerage (Ministry of Cities, 2015) data",,,
5,"Estimated according to National Information System on Sewerage (Ministry of Cities, 2014) data",,,
6,Estimate.,,,
7,"The main sources of data for this indicator in Cabo Verde are household surveys and censuses. In this case, the main water sources used by the populations that we consider to be the water supply industry (ISIC 36) are: Water supply networks; Fountain (public terminal); and tank trucks. Populations whose main source of water is their 'neighbors (provided water comes from water systems) 'have not been taken into account.",,,
8,"Percentage of persons in occupied dwellings  with water from an aqueduct with respect to the total number of persons residing in occupied individual dwellings. Source: National Household Survey (ENAHO), National Institute of Statistics and Censuses (INEC), Costa Rican Institute of Aqueducts and Sewers (A and A), rural or municipal or utility companies.
1. Aqueduct of A and A: the water service comes from a public network administered by the A and A, which is the governing body of drinking water and sanitary sewerage. 2. Rural aqueduct: the water service comes from a public network managed by a Rural Aqueducts Management Committee and the Governing Associations of Rural Aqueducts and Sewers. 3. Municipal aqueduct: the water service is provided by the corresponding municipality. 4. Utility company or cooperative: select this option if the water service is supplied by a company.",,,
9,"Total subscribers of drinking water services (household uses and similar non-household uses from public establishments, businesses).",,,
10,"Refers to consumption in urban areas, managed by the National Office of Water and Electricity (ONEE-Water Branch).",,,
11,Provisional.,,,
12,It refers to the total population supplied by the industry according to the estimated total population.,,,
13,Estimated data.,,,
14,Population connected to public water supply.,,,
15,"Refers to proportion of population with access to improved water source (MDG indicator), which includes households not connected to ISIC 36 but abstract from wells at home.",,,
16,"This is data for all 10 districts and it data for  tap water at home, tapwater outdoors,  supplied with water tank/truck and bottled water.",,,
17,Population of Trinidad & tobago taken at 1.3 mil.,,,
18,The level of provision of apartments (houses) with drinking water.,,,
19,Data refer to percentage of households supplied by water supply industry.,,,
20,"These data on fresh water provided by the water supply industry are provided by the public institution only (the public network) and it is under the control of the government (public sector only), mostly in urban areas. They do not include the private network and the cooperative network. This applies to the proportion of the population supplied.",,,
